videoId,textOriginal,likeCount,replyCount,publishedAt
vid123,"Love this makeup tutorial! Can you do one for evening looks?",15,2,2024-01-15T10:30:00Z
vid123,"AMAZING!!! 😍😍😍😍😍",3,0,2024-01-15T11:00:00Z
vid123,"Check out my channel for more beauty tips!",0,0,2024-01-15T11:15:00Z
vid456,"What foundation are you using? It looks so natural",8,1,2024-01-16T09:20:00Z
vid456,"This technique doesn't work for my skin type",2,3,2024-01-16T14:45:00Z
vid789,"Could you please do a tutorial on contouring for round faces?",12,0,2024-01-17T16:30:00Z
vid789,"First! Love your videos!",1,0,2024-01-17T16:31:00Z